0_00	https://d8j0ntlcm91z4.cloudfront.net/user_3H0VpNOETP4iFCc9Ircvn51x9LF/hf_20260728_213455_3ac347c5-1593-43cc-a35e-f3eaf692491a.png
0_07	https://d8j0ntlcm91z4.cloudfront.net/user_3H0VpNOETP4iFCc9Ircvn51x9LF/hf_20260728_213527_29a4d25d-b0ee-4c3d-b48f-64df6c439e55.png
0_14	https://d8j0ntlcm91z4.cloudfront.net/user_3H0VpNOETP4iFCc9Ircvn51x9LF/hf_20260728_213531_ad460fa6-0366-4458-9dd6-a70ca0a09fb7.png
0_21	https://d8j0ntlcm91z4.cloudfront.net/user_3H0VpNOETP4iFCc9Ircvn51x9LF/hf_20260728_213534_2f0cb341-4960-4c01-9674-4afeaf629c3e.png
0_28	https://d8j0ntlcm91z4.cloudfront.net/user_3H0VpNOETP4iFCc9Ircvn51x9LF/hf_20260728_213548_ee6c37df-cff5-4939-b9c1-fe5b8e9f8d9c.png
0_35	https://d8j0ntlcm91z4.cloudfront.net/user_3H0VpNOETP4iFCc9Ircvn51x9LF/hf_20260728_213551_85379bfb-57a4-46cd-9406-869c818a2492.png
0_42	https://d8j0ntlcm91z4.cloudfront.net/user_3H0VpNOETP4iFCc9Ircvn51x9LF/hf_20260729_175037_75a27c6b-3139-4e60-b110-8cfd42ddc665.png
0_49	https://d8j0ntlcm91z4.cloudfront.net/user_3H0VpNOETP4iFCc9Ircvn51x9LF/hf_20260728_213557_175ec375-7b75-42c7-8449-de1540a39265.png
0_56	https://d8j0ntlcm91z4.cloudfront.net/user_3H0VpNOETP4iFCc9Ircvn51x9LF/hf_20260728_213628_4111d19f-78cf-4bb3-8461-7fa3add8930c.png
1_03	https://d8j0ntlcm91z4.cloudfront.net/user_3H0VpNOETP4iFCc9Ircvn51x9LF/hf_20260728_213631_6e6c6461-45d5-4570-a3b7-db66c5de9703.png
1_10	https://d8j0ntlcm91z4.cloudfront.net/user_3H0VpNOETP4iFCc9Ircvn51x9LF/hf_20260728_213634_c35372c4-98ea-40d7-912a-bfa0c2cdfee2.png
1_17	https://d8j0ntlcm91z4.cloudfront.net/user_3H0VpNOETP4iFCc9Ircvn51x9LF/hf_20260728_213638_46b08b9d-7f17-4747-a71e-34ebefcdbee4.png
1_24	https://d8j0ntlcm91z4.cloudfront.net/user_3H0VpNOETP4iFCc9Ircvn51x9LF/hf_20260728_213647_643a3214-13e8-40c1-8acf-c3e46348fb51.png
1_31	https://d8j0ntlcm91z4.cloudfront.net/user_3H0VpNOETP4iFCc9Ircvn51x9LF/hf_20260728_213701_d2875323-8214-4a0a-9d99-08044b643f29.png
1_38	https://d8j0ntlcm91z4.cloudfront.net/user_3H0VpNOETP4iFCc9Ircvn51x9LF/hf_20260728_214151_d28c9ab9-ea33-46d6-a821-c745a7f798a1.png
1_45	https://d8j0ntlcm91z4.cloudfront.net/user_3H0VpNOETP4iFCc9Ircvn51x9LF/hf_20260728_214155_7e916036-65a2-460a-a959-3879b54ed6a9.png
1_52	https://d8j0ntlcm91z4.cloudfront.net/user_3H0VpNOETP4iFCc9Ircvn51x9LF/hf_20260728_214158_a7a709fa-4c8a-42f2-895c-a76c77388bec.png
1_59	https://d8j0ntlcm91z4.cloudfront.net/user_3H0VpNOETP4iFCc9Ircvn51x9LF/hf_20260728_214201_05ea72b9-5532-4380-ba7c-d5d9ca9e3165.png
2_06	https://d8j0ntlcm91z4.cloudfront.net/user_3H0VpNOETP4iFCc9Ircvn51x9LF/hf_20260728_214204_d55e8559-0b3c-475d-a651-606dcfbbaa4a.png
2_13	https://d8j0ntlcm91z4.cloudfront.net/user_3H0VpNOETP4iFCc9Ircvn51x9LF/hf_20260728_214207_dcfaa423-4b67-491b-9907-b73c59d4025e.png
2_20	https://d8j0ntlcm91z4.cloudfront.net/user_3H0VpNOETP4iFCc9Ircvn51x9LF/hf_20260728_214210_e8ad0219-f6e6-4643-8896-809ea2374ac4.png
2_27	https://d8j0ntlcm91z4.cloudfront.net/user_3H0VpNOETP4iFCc9Ircvn51x9LF/hf_20260728_214213_a7b3b2ea-2639-407e-996b-46c5dc14dd41.png
2_34	https://d8j0ntlcm91z4.cloudfront.net/user_3H0VpNOETP4iFCc9Ircvn51x9LF/hf_20260728_214239_fec3946f-9178-4bcd-865e-075cea3e295a.png
2_41	https://d8j0ntlcm91z4.cloudfront.net/user_3H0VpNOETP4iFCc9Ircvn51x9LF/hf_20260728_214243_87e93745-daa0-4df8-8f6b-c82c5309744a.png
2_48	https://d8j0ntlcm91z4.cloudfront.net/user_3H0VpNOETP4iFCc9Ircvn51x9LF/hf_20260728_214226_d321f59a-fc0f-4744-8635-2186a3f7d551.png
2_55	https://d8j0ntlcm91z4.cloudfront.net/user_3H0VpNOETP4iFCc9Ircvn51x9LF/hf_20260728_214230_73ea7643-e628-4d20-9f8b-0f7dbc6d4422.png
3_02	https://d8j0ntlcm91z4.cloudfront.net/user_3H0VpNOETP4iFCc9Ircvn51x9LF/hf_20260728_214253_5b009854-4788-461c-879a-ef935dabe9cd.png
3_09	https://d8j0ntlcm91z4.cloudfront.net/user_3H0VpNOETP4iFCc9Ircvn51x9LF/hf_20260729_175040_f9b27ac2-21e7-49bd-acf5-aaab4cdb136e.png
3_16	https://d8j0ntlcm91z4.cloudfront.net/user_3H0VpNOETP4iFCc9Ircvn51x9LF/hf_20260728_214300_bad6b515-a8d2-4f9e-9c10-6e85d5306edd.png
3_23	https://d8j0ntlcm91z4.cloudfront.net/user_3H0VpNOETP4iFCc9Ircvn51x9LF/hf_20260729_175045_7ba959b4-4bc2-428f-a399-e58ac2385063.png
3_30	https://d8j0ntlcm91z4.cloudfront.net/user_3H0VpNOETP4iFCc9Ircvn51x9LF/hf_20260728_214308_b6bc8cef-02ac-4268-a71c-ae9855cc47a3.png
3_37	https://d8j0ntlcm91z4.cloudfront.net/user_3H0VpNOETP4iFCc9Ircvn51x9LF/hf_20260728_214311_e515f8c6-7cf1-4b88-81b9-01c825e78237.png
3_44	https://d8j0ntlcm91z4.cloudfront.net/user_3H0VpNOETP4iFCc9Ircvn51x9LF/hf_20260728_214328_a3e2afa1-25c7-4a72-bd4e-cd1e9aa5a34e.png
3_51	https://d8j0ntlcm91z4.cloudfront.net/user_3H0VpNOETP4iFCc9Ircvn51x9LF/hf_20260728_214331_bab44efa-8afd-471c-a8fc-b974179b26b9.png
3_58	https://d8j0ntlcm91z4.cloudfront.net/user_3H0VpNOETP4iFCc9Ircvn51x9LF/hf_20260728_214335_6c8d112f-5989-40d9-92f3-5f0c202fd235.png
4_05	https://d8j0ntlcm91z4.cloudfront.net/user_3H0VpNOETP4iFCc9Ircvn51x9LF/hf_20260728_214339_512ac9b5-baf3-467e-83fb-464facc8bc45.png
4_12	https://d8j0ntlcm91z4.cloudfront.net/user_3H0VpNOETP4iFCc9Ircvn51x9LF/hf_20260728_214342_f238d7c9-70bb-4bf4-8424-15b8718a1d12.png
4_19	https://d8j0ntlcm91z4.cloudfront.net/user_3H0VpNOETP4iFCc9Ircvn51x9LF/hf_20260728_214346_843ee3fa-a504-4e4c-8610-a3b3b6e22b21.png
4_26	https://d8j0ntlcm91z4.cloudfront.net/user_3H0VpNOETP4iFCc9Ircvn51x9LF/hf_20260728_214357_f3b28fc5-420e-41fe-b7c6-7330708c6523.png
4_33	https://d8j0ntlcm91z4.cloudfront.net/user_3H0VpNOETP4iFCc9Ircvn51x9LF/hf_20260728_214400_2195bd69-3c72-4e77-923b-4ea78829c0ec.png
4_40	https://d8j0ntlcm91z4.cloudfront.net/user_3H0VpNOETP4iFCc9Ircvn51x9LF/hf_20260728_214404_f068ed3a-e230-44ef-beaf-8c16f1fdacd7.png
4_47	https://d8j0ntlcm91z4.cloudfront.net/user_3H0VpNOETP4iFCc9Ircvn51x9LF/hf_20260728_214407_6d4d6749-132b-46ea-93c2-3e72061af24a.png
4_54	https://d8j0ntlcm91z4.cloudfront.net/user_3H0VpNOETP4iFCc9Ircvn51x9LF/hf_20260728_214433_a7f1cba7-81e6-482d-a0c2-7de47e712dd9.png
5_01	https://d8j0ntlcm91z4.cloudfront.net/user_3H0VpNOETP4iFCc9Ircvn51x9LF/hf_20260728_214436_5082f52a-2634-4128-b7ef-45ff89e57ba5.png
5_08	https://d8j0ntlcm91z4.cloudfront.net/user_3H0VpNOETP4iFCc9Ircvn51x9LF/hf_20260728_214452_050c4f68-761e-470b-99a3-97a00a686d0a.png
5_15	https://d8j0ntlcm91z4.cloudfront.net/user_3H0VpNOETP4iFCc9Ircvn51x9LF/hf_20260728_214456_87e64d61-e2ff-4a38-9ffe-25225bcee434.png
5_22	https://d8j0ntlcm91z4.cloudfront.net/user_3H0VpNOETP4iFCc9Ircvn51x9LF/hf_20260728_214459_30a92ef2-7f01-46cb-a3c4-2e5eed878164.png
5_29	https://d8j0ntlcm91z4.cloudfront.net/user_3H0VpNOETP4iFCc9Ircvn51x9LF/hf_20260728_214502_3db7f0cf-0a1e-45e9-8087-9757503db895.png
5_36	https://d8j0ntlcm91z4.cloudfront.net/user_3H0VpNOETP4iFCc9Ircvn51x9LF/hf_20260729_175048_ae684de3-53a4-44aa-bcf7-8c4fd8543ddc.png
5_43	https://d8j0ntlcm91z4.cloudfront.net/user_3H0VpNOETP4iFCc9Ircvn51x9LF/hf_20260729_175053_6673aef1-bd78-487b-a6ff-df8d023fbcdb.png
5_50	https://d8j0ntlcm91z4.cloudfront.net/user_3H0VpNOETP4iFCc9Ircvn51x9LF/hf_20260728_214517_240ba38f-f4bd-4d0a-a54d-37b7479872cc.png
5_57	https://d8j0ntlcm91z4.cloudfront.net/user_3H0VpNOETP4iFCc9Ircvn51x9LF/hf_20260728_214521_6a5c2801-607c-4534-b3c2-80f8d3f3e924.png
6_04	https://d8j0ntlcm91z4.cloudfront.net/user_3H0VpNOETP4iFCc9Ircvn51x9LF/hf_20260728_214525_93c51558-a576-4f2f-8986-3e95f7c8c134.png
6_11	https://d8j0ntlcm91z4.cloudfront.net/user_3H0VpNOETP4iFCc9Ircvn51x9LF/hf_20260728_214538_f2a88eb7-ae2e-40f0-ad24-c459f7f015c8.png
6_18	https://d8j0ntlcm91z4.cloudfront.net/user_3H0VpNOETP4iFCc9Ircvn51x9LF/hf_20260728_214542_ab10da3b-9209-4bbf-ab42-08f625e6076d.png
6_25	https://d8j0ntlcm91z4.cloudfront.net/user_3H0VpNOETP4iFCc9Ircvn51x9LF/hf_20260728_214546_4ea298da-62a0-4460-a410-bd0059ae6032.png
6_32	https://d8j0ntlcm91z4.cloudfront.net/user_3H0VpNOETP4iFCc9Ircvn51x9LF/hf_20260728_214555_73821a39-9c54-4d76-81d7-1cee42c4e36c.png
6_39	https://d8j0ntlcm91z4.cloudfront.net/user_3H0VpNOETP4iFCc9Ircvn51x9LF/hf_20260728_214558_7d5ef201-fe99-4d7d-a1c8-6d7f3e317cc7.png
6_46	https://d8j0ntlcm91z4.cloudfront.net/user_3H0VpNOETP4iFCc9Ircvn51x9LF/hf_20260728_214602_9afd58f1-7350-4a04-9b7e-f642a05b1606.png
6_53	https://d8j0ntlcm91z4.cloudfront.net/user_3H0VpNOETP4iFCc9Ircvn51x9LF/hf_20260728_214605_ccfa8b56-e81e-4e01-a553-1db92a2f1fa0.png
7_00	https://d8j0ntlcm91z4.cloudfront.net/user_3H0VpNOETP4iFCc9Ircvn51x9LF/hf_20260729_175055_ac5ea489-c51c-4535-9d45-30824013ef19.png
7_07	https://d8j0ntlcm91z4.cloudfront.net/user_3H0VpNOETP4iFCc9Ircvn51x9LF/hf_20260728_214612_ebf436f1-058f-455e-bc49-c153325c8324.png
7_14	https://d8j0ntlcm91z4.cloudfront.net/user_3H0VpNOETP4iFCc9Ircvn51x9LF/hf_20260728_214624_3a7ca3cb-524c-41cb-af05-03d82f7b93c4.png
7_21	https://d8j0ntlcm91z4.cloudfront.net/user_3H0VpNOETP4iFCc9Ircvn51x9LF/hf_20260728_214628_da74df89-0478-4e4c-81bd-d3d5f4e3bcfb.png
7_28	https://d8j0ntlcm91z4.cloudfront.net/user_3H0VpNOETP4iFCc9Ircvn51x9LF/hf_20260728_214632_1982e885-0407-48a8-9d3d-47f693538898.png
7_35	https://d8j0ntlcm91z4.cloudfront.net/user_3H0VpNOETP4iFCc9Ircvn51x9LF/hf_20260728_214635_24370f57-379e-4343-a137-304056e2fcf0.png
7_42	https://d8j0ntlcm91z4.cloudfront.net/user_3H0VpNOETP4iFCc9Ircvn51x9LF/hf_20260728_214639_36f7435e-6013-4ab3-9fa3-9a1dfb915379.png
7_49	https://d8j0ntlcm91z4.cloudfront.net/user_3H0VpNOETP4iFCc9Ircvn51x9LF/hf_20260728_214644_696ba6b8-daf0-4a06-87c2-729e3d8952c6.png
7_56	https://d8j0ntlcm91z4.cloudfront.net/user_3H0VpNOETP4iFCc9Ircvn51x9LF/hf_20260728_214659_414d6cd1-a75b-48e3-97e7-a99cdb98aefb.png
8_03	https://d8j0ntlcm91z4.cloudfront.net/user_3H0VpNOETP4iFCc9Ircvn51x9LF/hf_20260728_214704_5868d831-7dfc-4969-8843-f8e3cf127982.png
8_10	https://d8j0ntlcm91z4.cloudfront.net/user_3H0VpNOETP4iFCc9Ircvn51x9LF/hf_20260728_214708_36060360-d6a4-4e95-94d6-0da9ba58eed8.png
8_17	https://d8j0ntlcm91z4.cloudfront.net/user_3H0VpNOETP4iFCc9Ircvn51x9LF/hf_20260729_175104_c207ce01-d12a-41f0-ab86-4bc20143e131.png
8_24	https://d8j0ntlcm91z4.cloudfront.net/user_3H0VpNOETP4iFCc9Ircvn51x9LF/hf_20260728_214714_e6cb143a-40e4-4c50-8450-c5570fcc1b16.png
8_31	https://d8j0ntlcm91z4.cloudfront.net/user_3H0VpNOETP4iFCc9Ircvn51x9LF/hf_20260728_214718_af049483-573c-4879-9c16-79e8bd3cd756.png
8_38	https://d8j0ntlcm91z4.cloudfront.net/user_3H0VpNOETP4iFCc9Ircvn51x9LF/hf_20260728_214728_24cc8c07-64dc-4bbf-bcf2-ba8eda0c0783.png
8_45	https://d8j0ntlcm91z4.cloudfront.net/user_3H0VpNOETP4iFCc9Ircvn51x9LF/hf_20260729_175108_9f4b3b52-1e0c-40d0-9bc6-f3575f6951d4.png
8_52	https://d8j0ntlcm91z4.cloudfront.net/user_3H0VpNOETP4iFCc9Ircvn51x9LF/hf_20260728_214736_8a1900cb-d025-4329-be62-1b0b0909ef6b.png
8_59	https://d8j0ntlcm91z4.cloudfront.net/user_3H0VpNOETP4iFCc9Ircvn51x9LF/hf_20260728_214740_c70e3952-1bd2-47c7-baea-337a21131c26.png
9_06	https://d8j0ntlcm91z4.cloudfront.net/user_3H0VpNOETP4iFCc9Ircvn51x9LF/hf_20260728_214744_27f0d5a4-f290-4ca5-80be-e108a0fef3c0.png
9_13	https://d8j0ntlcm91z4.cloudfront.net/user_3H0VpNOETP4iFCc9Ircvn51x9LF/hf_20260729_175111_740f0fcc-a222-4c3e-ba72-5c43650c0805.png
9_20	https://d8j0ntlcm91z4.cloudfront.net/user_3H0VpNOETP4iFCc9Ircvn51x9LF/hf_20260728_214800_fcd080e5-ed05-4530-ab41-640389b9d7ca.png
9_27	https://d8j0ntlcm91z4.cloudfront.net/user_3H0VpNOETP4iFCc9Ircvn51x9LF/hf_20260728_214805_193b61be-a117-4a48-a87c-ecb87eca8ff3.png
9_34	https://d8j0ntlcm91z4.cloudfront.net/user_3H0VpNOETP4iFCc9Ircvn51x9LF/hf_20260728_214808_6ddb8db4-d77d-4b62-b16e-beaee91a91a4.png
9_41	https://d8j0ntlcm91z4.cloudfront.net/user_3H0VpNOETP4iFCc9Ircvn51x9LF/hf_20260728_214814_2bdeb8b2-8390-4e24-8a93-53c5012c1c5f.png
9_48	https://d8j0ntlcm91z4.cloudfront.net/user_3H0VpNOETP4iFCc9Ircvn51x9LF/hf_20260728_214818_ccec12aa-e6d0-42c8-8a40-a7b3c8adc8c4.png
9_55	https://d8j0ntlcm91z4.cloudfront.net/user_3H0VpNOETP4iFCc9Ircvn51x9LF/hf_20260728_214822_98fb1566-35b2-4919-8b9e-6b3fb23946ef.png
10_02	https://d8j0ntlcm91z4.cloudfront.net/user_3H0VpNOETP4iFCc9Ircvn51x9LF/hf_20260729_175114_d12ebba1-ab3e-41d7-8ab4-db0bca321682.png
10_09	https://d8j0ntlcm91z4.cloudfront.net/user_3H0VpNOETP4iFCc9Ircvn51x9LF/hf_20260728_214835_5cc7da29-50bf-4877-93a7-6bb0431b3621.png
10_16	https://d8j0ntlcm91z4.cloudfront.net/user_3H0VpNOETP4iFCc9Ircvn51x9LF/hf_20260728_214839_6e6d2ee5-9a53-4435-a68a-395f1dcb2dcf.png
10_23	https://d8j0ntlcm91z4.cloudfront.net/user_3H0VpNOETP4iFCc9Ircvn51x9LF/hf_20260728_214843_344d1d8a-4992-4fe2-909c-090b75ed70f2.png
10_30	https://d8j0ntlcm91z4.cloudfront.net/user_3H0VpNOETP4iFCc9Ircvn51x9LF/hf_20260728_214848_8f0e79db-d350-4ec6-b0db-9f77d9887d44.png
10_37	https://d8j0ntlcm91z4.cloudfront.net/user_3H0VpNOETP4iFCc9Ircvn51x9LF/hf_20260729_175117_5a2a76e3-e579-47cf-ba60-e1d302a02bf6.png
10_44	https://d8j0ntlcm91z4.cloudfront.net/user_3H0VpNOETP4iFCc9Ircvn51x9LF/hf_20260728_214916_4f1f9521-46f9-4c1c-86d0-647e5f63d506.png
10_51	https://d8j0ntlcm91z4.cloudfront.net/user_3H0VpNOETP4iFCc9Ircvn51x9LF/hf_20260729_175120_73855786-8ad1-4ac1-a31d-06af4095f52d.png
10_58	https://d8j0ntlcm91z4.cloudfront.net/user_3H0VpNOETP4iFCc9Ircvn51x9LF/hf_20260728_214937_ba8468a8-c120-4136-9bf9-6557f7532d8a.png
11_05	https://d8j0ntlcm91z4.cloudfront.net/user_3H0VpNOETP4iFCc9Ircvn51x9LF/hf_20260729_175127_260fff6e-0c1e-4e5a-8647-038294c68972.png
11_12	https://d8j0ntlcm91z4.cloudfront.net/user_3H0VpNOETP4iFCc9Ircvn51x9LF/hf_20260729_175131_ec13cbe0-62ee-4944-9580-12538bb40d00.png
11_19	https://d8j0ntlcm91z4.cloudfront.net/user_3H0VpNOETP4iFCc9Ircvn51x9LF/hf_20260728_215000_0417280a-1b77-498f-a395-13189c24b503.png
11_26	https://d8j0ntlcm91z4.cloudfront.net/user_3H0VpNOETP4iFCc9Ircvn51x9LF/hf_20260728_215009_5a93ff56-8d8d-4c23-a25c-cae2fe6000b9.png
11_33	https://d8j0ntlcm91z4.cloudfront.net/user_3H0VpNOETP4iFCc9Ircvn51x9LF/hf_20260729_175134_caa256d1-d5af-4f70-93f2-354221f1ebf6.png
11_40	https://d8j0ntlcm91z4.cloudfront.net/user_3H0VpNOETP4iFCc9Ircvn51x9LF/hf_20260729_175137_2a78ac19-11d3-4d1d-90e1-e81d536874be.png
11_47	https://d8j0ntlcm91z4.cloudfront.net/user_3H0VpNOETP4iFCc9Ircvn51x9LF/hf_20260728_215033_aa76d2f5-e8e9-4005-87a8-f0caf0565e5b.png
11_54	https://d8j0ntlcm91z4.cloudfront.net/user_3H0VpNOETP4iFCc9Ircvn51x9LF/hf_20260729_175140_1561afaf-5fa3-4bf1-b139-29545c978959.png
12_01	https://d8j0ntlcm91z4.cloudfront.net/user_3H0VpNOETP4iFCc9Ircvn51x9LF/hf_20260728_215048_07df6d49-ab2e-43d8-976a-7fc9c34de342.png
12_08	https://d8j0ntlcm91z4.cloudfront.net/user_3H0VpNOETP4iFCc9Ircvn51x9LF/hf_20260728_215059_e1b50172-bdb3-4e54-a216-8cd64096d22c.png
12_15	https://d8j0ntlcm91z4.cloudfront.net/user_3H0VpNOETP4iFCc9Ircvn51x9LF/hf_20260729_175149_523b5b7f-6301-453a-adb2-457c714ea097.png
12_22	https://d8j0ntlcm91z4.cloudfront.net/user_3H0VpNOETP4iFCc9Ircvn51x9LF/hf_20260729_175152_521d587c-468a-4aee-9007-bd2380d23f1e.png
12_29	https://d8j0ntlcm91z4.cloudfront.net/user_3H0VpNOETP4iFCc9Ircvn51x9LF/hf_20260729_175156_2da17fc0-8e6f-44ef-85b8-35ef27970222.png
12_36	https://d8j0ntlcm91z4.cloudfront.net/user_3H0VpNOETP4iFCc9Ircvn51x9LF/hf_20260728_215119_5a8addaa-9ffe-4615-8fe8-fdeb8ffb90fa.png
12_43	https://d8j0ntlcm91z4.cloudfront.net/user_3H0VpNOETP4iFCc9Ircvn51x9LF/hf_20260728_215124_f1d954c6-1621-41d4-b5e3-f627067c0d4b.png
12_50	https://d8j0ntlcm91z4.cloudfront.net/user_3H0VpNOETP4iFCc9Ircvn51x9LF/hf_20260729_040038_24dbccee-1f79-40d9-9cc3-611d4a4380ea.png
12_57	https://d8j0ntlcm91z4.cloudfront.net/user_3H0VpNOETP4iFCc9Ircvn51x9LF/hf_20260729_175208_61c8f813-4368-4b0a-ba96-17718b656fea.png
13_04	https://d8j0ntlcm91z4.cloudfront.net/user_3H0VpNOETP4iFCc9Ircvn51x9LF/hf_20260729_040044_f6df6d79-2bf0-4842-aa4f-44a8812cf437.png
13_11	https://d8j0ntlcm91z4.cloudfront.net/user_3H0VpNOETP4iFCc9Ircvn51x9LF/hf_20260729_040047_c891ec68-199f-4a6f-bbdb-178abeef1a6b.png
13_18	https://d8j0ntlcm91z4.cloudfront.net/user_3H0VpNOETP4iFCc9Ircvn51x9LF/hf_20260729_040049_b6558f46-f689-4271-b8e2-663599ca6484.png
13_25	https://d8j0ntlcm91z4.cloudfront.net/user_3H0VpNOETP4iFCc9Ircvn51x9LF/hf_20260729_040052_b2d902b3-d507-47a9-a4c5-18c2fc435a59.png
13_32	https://d8j0ntlcm91z4.cloudfront.net/user_3H0VpNOETP4iFCc9Ircvn51x9LF/hf_20260729_175201_81e81c2a-3744-46a9-95df-2d6c70602e81.png
13_39	https://d8j0ntlcm91z4.cloudfront.net/user_3H0VpNOETP4iFCc9Ircvn51x9LF/hf_20260729_040106_a5a0a031-21e0-435c-8ccf-7c286608aa7b.png
13_46	https://d8j0ntlcm91z4.cloudfront.net/user_3H0VpNOETP4iFCc9Ircvn51x9LF/hf_20260729_040107_288b8c9c-022a-4a95-8553-8ec4e0c50711.png
13_53	https://d8j0ntlcm91z4.cloudfront.net/user_3H0VpNOETP4iFCc9Ircvn51x9LF/hf_20260729_040108_f8d2a2a3-ba70-470e-8e13-d56f818433f2.png
14_00	https://d8j0ntlcm91z4.cloudfront.net/user_3H0VpNOETP4iFCc9Ircvn51x9LF/hf_20260729_175211_e0d72206-a085-4885-adf8-531347c94d40.png
14_07	https://d8j0ntlcm91z4.cloudfront.net/user_3H0VpNOETP4iFCc9Ircvn51x9LF/hf_20260729_040114_edd4b36a-0481-45b2-8ed8-63c82cd861fe.png
14_14	https://d8j0ntlcm91z4.cloudfront.net/user_3H0VpNOETP4iFCc9Ircvn51x9LF/hf_20260729_175214_67aca22e-1357-457b-ab55-b317e605ff86.png
