0_42	https://d8j0ntlcm91z4.cloudfront.net/user_3H0VpNOETP4iFCc9Ircvn51x9LF/hf_20260729_175037_75a27c6b-3139-4e60-b110-8cfd42ddc665.png
3_09	https://d8j0ntlcm91z4.cloudfront.net/user_3H0VpNOETP4iFCc9Ircvn51x9LF/hf_20260729_175040_f9b27ac2-21e7-49bd-acf5-aaab4cdb136e.png
3_23	https://d8j0ntlcm91z4.cloudfront.net/user_3H0VpNOETP4iFCc9Ircvn51x9LF/hf_20260729_175045_7ba959b4-4bc2-428f-a399-e58ac2385063.png
5_36	https://d8j0ntlcm91z4.cloudfront.net/user_3H0VpNOETP4iFCc9Ircvn51x9LF/hf_20260729_175048_ae684de3-53a4-44aa-bcf7-8c4fd8543ddc.png
5_43	https://d8j0ntlcm91z4.cloudfront.net/user_3H0VpNOETP4iFCc9Ircvn51x9LF/hf_20260729_175053_6673aef1-bd78-487b-a6ff-df8d023fbcdb.png
7_00	https://d8j0ntlcm91z4.cloudfront.net/user_3H0VpNOETP4iFCc9Ircvn51x9LF/hf_20260729_175055_ac5ea489-c51c-4535-9d45-30824013ef19.png
8_17	https://d8j0ntlcm91z4.cloudfront.net/user_3H0VpNOETP4iFCc9Ircvn51x9LF/hf_20260729_175104_c207ce01-d12a-41f0-ab86-4bc20143e131.png
8_45	https://d8j0ntlcm91z4.cloudfront.net/user_3H0VpNOETP4iFCc9Ircvn51x9LF/hf_20260729_175108_9f4b3b52-1e0c-40d0-9bc6-f3575f6951d4.png
9_13	https://d8j0ntlcm91z4.cloudfront.net/user_3H0VpNOETP4iFCc9Ircvn51x9LF/hf_20260729_175111_740f0fcc-a222-4c3e-ba72-5c43650c0805.png
10_02	https://d8j0ntlcm91z4.cloudfront.net/user_3H0VpNOETP4iFCc9Ircvn51x9LF/hf_20260729_175114_d12ebba1-ab3e-41d7-8ab4-db0bca321682.png
10_37	https://d8j0ntlcm91z4.cloudfront.net/user_3H0VpNOETP4iFCc9Ircvn51x9LF/hf_20260729_175117_5a2a76e3-e579-47cf-ba60-e1d302a02bf6.png
10_51	https://d8j0ntlcm91z4.cloudfront.net/user_3H0VpNOETP4iFCc9Ircvn51x9LF/hf_20260729_175120_73855786-8ad1-4ac1-a31d-06af4095f52d.png
11_05	https://d8j0ntlcm91z4.cloudfront.net/user_3H0VpNOETP4iFCc9Ircvn51x9LF/hf_20260729_175127_260fff6e-0c1e-4e5a-8647-038294c68972.png
11_12	https://d8j0ntlcm91z4.cloudfront.net/user_3H0VpNOETP4iFCc9Ircvn51x9LF/hf_20260729_175131_ec13cbe0-62ee-4944-9580-12538bb40d00.png
11_33	https://d8j0ntlcm91z4.cloudfront.net/user_3H0VpNOETP4iFCc9Ircvn51x9LF/hf_20260729_175134_caa256d1-d5af-4f70-93f2-354221f1ebf6.png
11_40	https://d8j0ntlcm91z4.cloudfront.net/user_3H0VpNOETP4iFCc9Ircvn51x9LF/hf_20260729_175137_2a78ac19-11d3-4d1d-90e1-e81d536874be.png
11_54	https://d8j0ntlcm91z4.cloudfront.net/user_3H0VpNOETP4iFCc9Ircvn51x9LF/hf_20260729_175140_1561afaf-5fa3-4bf1-b139-29545c978959.png
12_15	https://d8j0ntlcm91z4.cloudfront.net/user_3H0VpNOETP4iFCc9Ircvn51x9LF/hf_20260729_175149_523b5b7f-6301-453a-adb2-457c714ea097.png
12_22	https://d8j0ntlcm91z4.cloudfront.net/user_3H0VpNOETP4iFCc9Ircvn51x9LF/hf_20260729_175152_521d587c-468a-4aee-9007-bd2380d23f1e.png
12_29	https://d8j0ntlcm91z4.cloudfront.net/user_3H0VpNOETP4iFCc9Ircvn51x9LF/hf_20260729_175156_2da17fc0-8e6f-44ef-85b8-35ef27970222.png
12_57	https://d8j0ntlcm91z4.cloudfront.net/user_3H0VpNOETP4iFCc9Ircvn51x9LF/hf_20260729_175208_61c8f813-4368-4b0a-ba96-17718b656fea.png
13_32	https://d8j0ntlcm91z4.cloudfront.net/user_3H0VpNOETP4iFCc9Ircvn51x9LF/hf_20260729_175201_81e81c2a-3744-46a9-95df-2d6c70602e81.png
14_00	https://d8j0ntlcm91z4.cloudfront.net/user_3H0VpNOETP4iFCc9Ircvn51x9LF/hf_20260729_175211_e0d72206-a085-4885-adf8-531347c94d40.png
14_14	https://d8j0ntlcm91z4.cloudfront.net/user_3H0VpNOETP4iFCc9Ircvn51x9LF/hf_20260729_175214_67aca22e-1357-457b-ab55-b317e605ff86.png
