index	tc	name	style	url
0	0:00	0_00	bright	https://d8j0ntlcm91z4.cloudfront.net/user_3H0VpNOETP4iFCc9Ircvn51x9LF/hf_20260820_164226_19dcca8b-c6a6-4b93-8a4e-fe7fa300e125.png
1	0:07	0_07	bright	https://d8j0ntlcm91z4.cloudfront.net/user_3H0VpNOETP4iFCc9Ircvn51x9LF/hf_20260820_164226_d1a31e45-20b1-407b-8d22-2d169f3978b5.png
2	0:14	0_14	bright	https://d8j0ntlcm91z4.cloudfront.net/user_3H0VpNOETP4iFCc9Ircvn51x9LF/hf_20260820_164226_f9382450-c014-4f34-91c4-6efdf2f1fa7c.png
3	0:21	0_21	bright	https://d8j0ntlcm91z4.cloudfront.net/user_3H0VpNOETP4iFCc9Ircvn51x9LF/hf_20260820_164226_e946c159-280f-4973-a91e-c0e3d4dfa95d.png
4	0:28	0_28	bright	https://d8j0ntlcm91z4.cloudfront.net/user_3H0VpNOETP4iFCc9Ircvn51x9LF/hf_20260820_164226_992c8f54-0c66-4b2b-b6e0-7b08dee43a8e.png
5	0:35	0_35	bright	https://d8j0ntlcm91z4.cloudfront.net/user_3H0VpNOETP4iFCc9Ircvn51x9LF/hf_20260820_164226_ebbdfd2f-25bd-4e99-a06e-4a4225633369.png
6	0:42	0_42	bright	https://d8j0ntlcm91z4.cloudfront.net/user_3H0VpNOETP4iFCc9Ircvn51x9LF/hf_20260822_162620_f5be2a15-a316-4ded-b643-2234158e12a5.png
7	0:49	0_49	bright	https://d8j0ntlcm91z4.cloudfront.net/user_3H0VpNOETP4iFCc9Ircvn51x9LF/hf_20260820_164226_a0e7649b-639c-41f3-bb4e-698b01fe4161.png
8	0:56	0_56	bright	https://d8j0ntlcm91z4.cloudfront.net/user_3H0VpNOETP4iFCc9Ircvn51x9LF/hf_20260820_164226_3488801e-15ff-4c59-8410-d729079d353e.png
9	1:03	1_03	bright	https://d8j0ntlcm91z4.cloudfront.net/user_3H0VpNOETP4iFCc9Ircvn51x9LF/hf_20260820_164226_9a86e312-8147-4123-96a3-5e1e76f608c2.png
10	1:10	1_10	bright	https://d8j0ntlcm91z4.cloudfront.net/user_3H0VpNOETP4iFCc9Ircvn51x9LF/hf_20260820_164226_1d30f688-7d5f-4586-b7b1-39287273db13.png
11	1:17	1_17	bright	https://d8j0ntlcm91z4.cloudfront.net/user_3H0VpNOETP4iFCc9Ircvn51x9LF/hf_20260822_162620_057f9b00-8c1a-40b0-9dca-d878d59e5853.png
12	1:24	1_24	bright	https://d8j0ntlcm91z4.cloudfront.net/user_3H0VpNOETP4iFCc9Ircvn51x9LF/hf_20260822_162620_40a90ee2-a40b-4bb4-900f-ed2a9debb053.png
13	1:31	1_31	bright	https://d8j0ntlcm91z4.cloudfront.net/user_3H0VpNOETP4iFCc9Ircvn51x9LF/hf_20260820_164355_36892d2e-b5bc-4671-be1c-14cf5feff34b.png
14	1:38	1_38	bright	https://d8j0ntlcm91z4.cloudfront.net/user_3H0VpNOETP4iFCc9Ircvn51x9LF/hf_20260820_164355_3d3f98a6-e0d4-4a5c-b6aa-0b39a1fb70ac.png
15	1:45	1_45	bright	https://d8j0ntlcm91z4.cloudfront.net/user_3H0VpNOETP4iFCc9Ircvn51x9LF/hf_20260820_164355_3b5b4d8a-99cd-473d-beec-bb47a8fca91f.png
16	1:52	1_52	bright	https://d8j0ntlcm91z4.cloudfront.net/user_3H0VpNOETP4iFCc9Ircvn51x9LF/hf_20260820_164355_86feaa2d-b300-437e-b5fa-37b599e00e46.png
17	1:59	1_59	bright	https://d8j0ntlcm91z4.cloudfront.net/user_3H0VpNOETP4iFCc9Ircvn51x9LF/hf_20260820_164355_5c18c608-032f-466e-a68d-58dbc17b87dd.png
18	2:06	2_06	bright	https://d8j0ntlcm91z4.cloudfront.net/user_3H0VpNOETP4iFCc9Ircvn51x9LF/hf_20260820_164355_85f8d90d-e704-4285-9305-6c25912d2893.png
19	2:13	2_13	bright	https://d8j0ntlcm91z4.cloudfront.net/user_3H0VpNOETP4iFCc9Ircvn51x9LF/hf_20260820_164355_e46d16ce-db37-4f6c-8151-de1583e8a0ad.png
20	2:20	2_20	bright	https://d8j0ntlcm91z4.cloudfront.net/user_3H0VpNOETP4iFCc9Ircvn51x9LF/hf_20260820_164355_d18a501b-91ef-4594-b3d3-26b18b3bcb4a.png
21	2:27	2_27	bright	https://d8j0ntlcm91z4.cloudfront.net/user_3H0VpNOETP4iFCc9Ircvn51x9LF/hf_20260820_164355_941f8658-081c-4d44-8f3e-2d7da30bbd8a.png
22	2:34	2_34	bright	https://d8j0ntlcm91z4.cloudfront.net/user_3H0VpNOETP4iFCc9Ircvn51x9LF/hf_20260820_164355_df976e78-26cc-4627-9bf7-ec956ee3ef75.png
23	2:41	2_41	bright	https://d8j0ntlcm91z4.cloudfront.net/user_3H0VpNOETP4iFCc9Ircvn51x9LF/hf_20260820_164355_7c3a3a21-37cd-4717-9ee3-cd377b25ba11.png
24	2:48	2_48	bright	https://d8j0ntlcm91z4.cloudfront.net/user_3H0VpNOETP4iFCc9Ircvn51x9LF/hf_20260820_164442_89194d48-6208-4fd5-9e82-1eec5dcabe3e.png
25	2:55	2_55	bright	https://d8j0ntlcm91z4.cloudfront.net/user_3H0VpNOETP4iFCc9Ircvn51x9LF/hf_20260820_164442_c042ae1a-b39e-4b3e-bd78-83e7a1358c32.png
26	3:02	3_02	bright	https://d8j0ntlcm91z4.cloudfront.net/user_3H0VpNOETP4iFCc9Ircvn51x9LF/hf_20260820_164442_1d2d2483-6dc6-4ab3-817e-71640432b454.png
27	3:09	3_09	bright	https://d8j0ntlcm91z4.cloudfront.net/user_3H0VpNOETP4iFCc9Ircvn51x9LF/hf_20260820_164442_c6f096f4-1a1f-4d7e-94f0-85eee7b8e954.png
28	3:16	3_16	bright	https://d8j0ntlcm91z4.cloudfront.net/user_3H0VpNOETP4iFCc9Ircvn51x9LF/hf_20260820_164442_69755b61-21fa-43e8-9910-4cad4bfb0ec1.png
29	3:23	3_23	bright	https://d8j0ntlcm91z4.cloudfront.net/user_3H0VpNOETP4iFCc9Ircvn51x9LF/hf_20260820_164442_7fdf7d8a-1618-44a6-8793-193c88be9322.png
30	3:30	3_30	bright	https://d8j0ntlcm91z4.cloudfront.net/user_3H0VpNOETP4iFCc9Ircvn51x9LF/hf_20260820_164442_a81fb47c-25d5-4251-ab3a-12d875cdf149.png
31	3:37	3_37	bright	https://d8j0ntlcm91z4.cloudfront.net/user_3H0VpNOETP4iFCc9Ircvn51x9LF/hf_20260820_164442_21ad5fdf-aa3f-46b9-8bd9-c11f699bd016.png
32	3:44	3_44	bright	https://d8j0ntlcm91z4.cloudfront.net/user_3H0VpNOETP4iFCc9Ircvn51x9LF/hf_20260820_164442_8f9d3f20-13bf-4ccf-99b3-aaf25a925f26.png
33	3:51	3_51	golden	https://d8j0ntlcm91z4.cloudfront.net/user_3H0VpNOETP4iFCc9Ircvn51x9LF/hf_20260820_164442_0bed20ca-c814-4556-b537-9f07c6024af9.png
34	3:58	3_58	bright	https://d8j0ntlcm91z4.cloudfront.net/user_3H0VpNOETP4iFCc9Ircvn51x9LF/hf_20260820_164443_6f831c9c-3ace-4b3a-853d-5a5746676da4.png
35	4:05	4_05	bright	https://d8j0ntlcm91z4.cloudfront.net/user_3H0VpNOETP4iFCc9Ircvn51x9LF/hf_20260820_164442_6129ec10-6839-4903-92a3-7f5a890f0aea.png
36	4:12	4_12	bright	https://d8j0ntlcm91z4.cloudfront.net/user_3H0VpNOETP4iFCc9Ircvn51x9LF/hf_20260820_164537_3f5f8eac-dc32-44c4-8cfe-67b2e88c6be3.png
37	4:19	4_19	bright	https://d8j0ntlcm91z4.cloudfront.net/user_3H0VpNOETP4iFCc9Ircvn51x9LF/hf_20260820_164537_a3764fda-9145-4a5a-a32f-a25903e3d892.png
38	4:26	4_26	bright	https://d8j0ntlcm91z4.cloudfront.net/user_3H0VpNOETP4iFCc9Ircvn51x9LF/hf_20260820_164537_15d93334-981c-4fa7-afd3-112831e32c19.png
39	4:33	4_33	bright	https://d8j0ntlcm91z4.cloudfront.net/user_3H0VpNOETP4iFCc9Ircvn51x9LF/hf_20260820_164537_61d85de3-fb08-438a-8470-7c81abc17634.png
40	4:40	4_40	bright	https://d8j0ntlcm91z4.cloudfront.net/user_3H0VpNOETP4iFCc9Ircvn51x9LF/hf_20260820_164537_a1f046bc-9fb8-4dc8-90d0-38f979b6374e.png
41	4:47	4_47	bright	https://d8j0ntlcm91z4.cloudfront.net/user_3H0VpNOETP4iFCc9Ircvn51x9LF/hf_20260820_164537_bee39009-94ed-4c69-b555-23eeae1be97f.png
42	4:54	4_54	bright	https://d8j0ntlcm91z4.cloudfront.net/user_3H0VpNOETP4iFCc9Ircvn51x9LF/hf_20260820_164537_a9a6a04e-005f-4edd-80b1-b112e29d7b3b.png
43	5:01	5_01	bright	https://d8j0ntlcm91z4.cloudfront.net/user_3H0VpNOETP4iFCc9Ircvn51x9LF/hf_20260820_164538_c1a2d334-acc5-442b-948f-50b39a081033.png
44	5:08	5_08	bright	https://d8j0ntlcm91z4.cloudfront.net/user_3H0VpNOETP4iFCc9Ircvn51x9LF/hf_20260820_164538_bcdf41d3-a4b1-4547-bcad-d51a5644bf32.png
45	5:15	5_15	bright	https://d8j0ntlcm91z4.cloudfront.net/user_3H0VpNOETP4iFCc9Ircvn51x9LF/hf_20260820_164537_c80cc459-cb4d-48a9-9778-9c1f48db5660.png
46	5:22	5_22	bright	https://d8j0ntlcm91z4.cloudfront.net/user_3H0VpNOETP4iFCc9Ircvn51x9LF/hf_20260820_164538_33cd2950-8476-4b98-b1b2-67e44a5754af.png
47	5:29	5_29	golden	https://d8j0ntlcm91z4.cloudfront.net/user_3H0VpNOETP4iFCc9Ircvn51x9LF/hf_20260820_164537_92000ded-4682-4d17-a178-a0675ea70f61.png
48	5:36	5_36	bright	https://d8j0ntlcm91z4.cloudfront.net/user_3H0VpNOETP4iFCc9Ircvn51x9LF/hf_20260820_164634_bc1f6fa3-fdb7-4582-932b-37953e5eecc6.png
49	5:43	5_43	bright	https://d8j0ntlcm91z4.cloudfront.net/user_3H0VpNOETP4iFCc9Ircvn51x9LF/hf_20260820_164634_57117b29-2f8d-429c-af6b-9d070ec74969.png
50	5:50	5_50	bright	https://d8j0ntlcm91z4.cloudfront.net/user_3H0VpNOETP4iFCc9Ircvn51x9LF/hf_20260820_164634_a952f8b5-cb15-4443-b83d-455a341a8076.png
51	5:57	5_57	bright	https://d8j0ntlcm91z4.cloudfront.net/user_3H0VpNOETP4iFCc9Ircvn51x9LF/hf_20260820_164633_95b3f1e8-76fb-4a97-a33a-2d13d3444075.png
52	6:04	6_04	bright	https://d8j0ntlcm91z4.cloudfront.net/user_3H0VpNOETP4iFCc9Ircvn51x9LF/hf_20260820_164634_eeda8516-e2a0-4528-b583-47b73cb87160.png
53	6:11	6_11	bright	https://d8j0ntlcm91z4.cloudfront.net/user_3H0VpNOETP4iFCc9Ircvn51x9LF/hf_20260820_164634_a1258130-dac7-4807-a44d-5591628a2241.png
54	6:18	6_18	bright	https://d8j0ntlcm91z4.cloudfront.net/user_3H0VpNOETP4iFCc9Ircvn51x9LF/hf_20260820_164634_3ece499c-db10-4f0d-a32a-3c629089a16a.png
55	6:25	6_25	bright	https://d8j0ntlcm91z4.cloudfront.net/user_3H0VpNOETP4iFCc9Ircvn51x9LF/hf_20260820_164633_343ad5f2-e354-4569-a08f-b021ce3eac1f.png
56	6:32	6_32	bright	https://d8j0ntlcm91z4.cloudfront.net/user_3H0VpNOETP4iFCc9Ircvn51x9LF/hf_20260820_164634_52fee1cb-117a-4ddf-adea-b534e698b312.png
57	6:39	6_39	bright	https://d8j0ntlcm91z4.cloudfront.net/user_3H0VpNOETP4iFCc9Ircvn51x9LF/hf_20260820_164634_81ebbe1f-904b-4fc9-a235-2aecfa798928.png
58	6:46	6_46	bright	https://d8j0ntlcm91z4.cloudfront.net/user_3H0VpNOETP4iFCc9Ircvn51x9LF/hf_20260820_164634_fe185ad9-039f-41ca-bd2e-740eabee1b04.png
59	6:53	6_53	bright	https://d8j0ntlcm91z4.cloudfront.net/user_3H0VpNOETP4iFCc9Ircvn51x9LF/hf_20260820_164633_7047774e-f7f5-4ca1-9a81-75511a19193c.png
60	7:00	7_00	bright	https://d8j0ntlcm91z4.cloudfront.net/user_3H0VpNOETP4iFCc9Ircvn51x9LF/hf_20260820_164744_945638fc-3bd1-41b4-9917-020230b5f9d2.png
61	7:07	7_07	bright	https://d8j0ntlcm91z4.cloudfront.net/user_3H0VpNOETP4iFCc9Ircvn51x9LF/hf_20260820_164744_f2c6b9f9-2849-4004-b8f8-4b7f02e60a9c.png
62	7:14	7_14	bright	https://d8j0ntlcm91z4.cloudfront.net/user_3H0VpNOETP4iFCc9Ircvn51x9LF/hf_20260820_164744_5521c050-c553-4147-afe9-0d45eb92da34.png
63	7:21	7_21	underwater	https://d8j0ntlcm91z4.cloudfront.net/user_3H0VpNOETP4iFCc9Ircvn51x9LF/hf_20260820_164744_d70ba9a3-7618-4e9b-a4ac-8955dcd83567.png
64	7:28	7_28	bright	https://d8j0ntlcm91z4.cloudfront.net/user_3H0VpNOETP4iFCc9Ircvn51x9LF/hf_20260820_164745_ddd4c189-4f43-4762-917b-9bc3fe07e366.png
65	7:35	7_35	bright	https://d8j0ntlcm91z4.cloudfront.net/user_3H0VpNOETP4iFCc9Ircvn51x9LF/hf_20260820_164744_cabfead0-e62a-4d36-ae7f-4e2b46b69e17.png
66	7:42	7_42	bright	https://d8j0ntlcm91z4.cloudfront.net/user_3H0VpNOETP4iFCc9Ircvn51x9LF/hf_20260820_164744_310763e5-46e2-46ae-85a7-970213157d06.png
67	7:49	7_49	bright	https://d8j0ntlcm91z4.cloudfront.net/user_3H0VpNOETP4iFCc9Ircvn51x9LF/hf_20260820_164744_ed910bed-0ad0-4f05-83ec-03be4430bf38.png
68	7:56	7_56	bright	https://d8j0ntlcm91z4.cloudfront.net/user_3H0VpNOETP4iFCc9Ircvn51x9LF/hf_20260820_164745_a2a69ac9-2acf-4fdb-8e00-21931c7753dd.png
69	8:03	8_03	bright	https://d8j0ntlcm91z4.cloudfront.net/user_3H0VpNOETP4iFCc9Ircvn51x9LF/hf_20260820_164744_8daa8331-a0d5-4165-8f67-ce41dd8a019a.png
70	8:10	8_10	bright	https://d8j0ntlcm91z4.cloudfront.net/user_3H0VpNOETP4iFCc9Ircvn51x9LF/hf_20260822_162620_c6ab816e-f57e-48f1-a9f7-503c9ccecfd4.png
71	8:17	8_17	bright	https://d8j0ntlcm91z4.cloudfront.net/user_3H0VpNOETP4iFCc9Ircvn51x9LF/hf_20260820_164744_9fcc32d3-0183-4cae-8722-5ebf85aa8e4c.png
72	8:24	8_24	golden	https://d8j0ntlcm91z4.cloudfront.net/user_3H0VpNOETP4iFCc9Ircvn51x9LF/hf_20260820_164814_09cbce7c-b8c4-41d5-a7e5-a4f2489274e4.png
73	8:31	8_31	bright	https://d8j0ntlcm91z4.cloudfront.net/user_3H0VpNOETP4iFCc9Ircvn51x9LF/hf_20260820_164813_f0b05723-2c46-4a94-8791-67b52409dcba.png
74	8:38	8_38	bright	https://d8j0ntlcm91z4.cloudfront.net/user_3H0VpNOETP4iFCc9Ircvn51x9LF/hf_20260820_164813_4257424d-566d-4a08-808b-9c5a0f2b1bcc.png
75	8:45	8_45	bright	https://d8j0ntlcm91z4.cloudfront.net/user_3H0VpNOETP4iFCc9Ircvn51x9LF/hf_20260820_164813_d64fb853-5e36-45a0-9d74-a475036d10e6.png
76	8:52	8_52	bright	https://d8j0ntlcm91z4.cloudfront.net/user_3H0VpNOETP4iFCc9Ircvn51x9LF/hf_20260820_164813_72144c93-ba80-4bb4-ae1d-2df35b430420.png
77	8:59	8_59	golden	https://d8j0ntlcm91z4.cloudfront.net/user_3H0VpNOETP4iFCc9Ircvn51x9LF/hf_20260820_164813_948cf885-1001-439f-b8cc-8a61870c4c68.png
