index	tc	name	category	url
0	0:00	0_00	gentle	https://d8j0ntlcm91z4.cloudfront.net/user_3H0VpNOETP4iFCc9Ircvn51x9LF/hf_20260822_182414_5f12631e-02a0-46a8-ba8a-b581abd4d02d.mp4
1	0:07	0_07	gentle	https://d8j0ntlcm91z4.cloudfront.net/user_3H0VpNOETP4iFCc9Ircvn51x9LF/hf_20260822_182429_9d53d03d-300b-4b96-9fd3-ab5cf54cb6c8.mp4
2	0:14	0_14	gentle	https://d8j0ntlcm91z4.cloudfront.net/user_3H0VpNOETP4iFCc9Ircvn51x9LF/hf_20260822_182414_da6a9dbd-1859-425d-90c5-a850a1df4649.mp4
3	0:21	0_21	gentle	https://d8j0ntlcm91z4.cloudfront.net/user_3H0VpNOETP4iFCc9Ircvn51x9LF/hf_20260822_182429_3e86fcf8-7fb1-42e7-8862-11e1a58b9350.mp4
4	0:28	0_28	gentle	https://d8j0ntlcm91z4.cloudfront.net/user_3H0VpNOETP4iFCc9Ircvn51x9LF/hf_20260822_182430_0d471ea9-9e69-4ee8-a88b-e4aca1bc6a06.mp4
5	0:35	0_35	sharp	https://d8j0ntlcm91z4.cloudfront.net/user_3H0VpNOETP4iFCc9Ircvn51x9LF/hf_20260822_182414_58473925-cf35-4b2e-a8ff-547eeaacaade.mp4
6	0:42	0_42	gentle	https://d8j0ntlcm91z4.cloudfront.net/user_3H0VpNOETP4iFCc9Ircvn51x9LF/hf_20260822_182414_bb04d23b-4a12-49a4-8d24-4dbae37499e8.mp4
7	0:49	0_49	gentle	https://d8j0ntlcm91z4.cloudfront.net/user_3H0VpNOETP4iFCc9Ircvn51x9LF/hf_20260822_182414_c2978c50-2533-4e28-bc30-17518e72baa5.mp4
8	0:56	0_56	gentle	https://d8j0ntlcm91z4.cloudfront.net/user_3H0VpNOETP4iFCc9Ircvn51x9LF/hf_20260822_182414_4f53f955-88ab-4ccb-8edc-3bbeb9867a30.mp4
9	1:03	1_03	gentle	https://d8j0ntlcm91z4.cloudfront.net/user_3H0VpNOETP4iFCc9Ircvn51x9LF/hf_20260822_182430_7199825a-7a75-4512-8650-1a4075170c87.mp4
10	1:10	1_10	gentle	https://d8j0ntlcm91z4.cloudfront.net/user_3H0VpNOETP4iFCc9Ircvn51x9LF/hf_20260822_182414_adb156b9-bd27-4641-8560-6ef3043e8b87.mp4
11	1:17	1_17	gentle	https://d8j0ntlcm91z4.cloudfront.net/user_3H0VpNOETP4iFCc9Ircvn51x9LF/hf_20260822_182414_820b7a75-31d6-46fa-9691-3edb2705f425.mp4
12	1:24	1_24	gentle	https://d8j0ntlcm91z4.cloudfront.net/user_3H0VpNOETP4iFCc9Ircvn51x9LF/hf_20260822_182501_d59d4ec4-90b8-4154-bdef-b033dc4217d2.mp4
13	1:31	1_31	gentle	https://d8j0ntlcm91z4.cloudfront.net/user_3H0VpNOETP4iFCc9Ircvn51x9LF/hf_20260822_182501_1ac85ef2-1a02-4167-8636-a15e5cb55184.mp4
14	1:38	1_38	gentle	https://d8j0ntlcm91z4.cloudfront.net/user_3H0VpNOETP4iFCc9Ircvn51x9LF/hf_20260822_182501_29f71bae-6883-428b-9cf8-3dea69e54e1a.mp4
15	1:45	1_45	gentle	https://d8j0ntlcm91z4.cloudfront.net/user_3H0VpNOETP4iFCc9Ircvn51x9LF/hf_20260822_182501_610afc35-7499-461b-ad68-f6e0e35ca945.mp4
16	1:52	1_52	sharp	https://d8j0ntlcm91z4.cloudfront.net/user_3H0VpNOETP4iFCc9Ircvn51x9LF/hf_20260822_182501_a36ac007-a1f8-469e-a3ae-95398cda6676.mp4
17	1:59	1_59	sharp	https://d8j0ntlcm91z4.cloudfront.net/user_3H0VpNOETP4iFCc9Ircvn51x9LF/hf_20260822_182502_e6f963a1-8ed4-48a2-bc48-d09bcf5a6a79.mp4
18	2:06	2_06	sharp	https://d8j0ntlcm91z4.cloudfront.net/user_3H0VpNOETP4iFCc9Ircvn51x9LF/hf_20260822_182501_e5398987-d5f1-4fa2-9866-8dc6647195ca.mp4
19	2:13	2_13	gentle	https://d8j0ntlcm91z4.cloudfront.net/user_3H0VpNOETP4iFCc9Ircvn51x9LF/hf_20260822_182501_ce9e7453-906e-46a7-a067-b43012056c68.mp4
20	2:20	2_20	gentle	https://d8j0ntlcm91z4.cloudfront.net/user_3H0VpNOETP4iFCc9Ircvn51x9LF/hf_20260822_182501_19e1c93d-d45d-48cd-aa21-4bafe2df9118.mp4
21	2:27	2_27	gentle	https://d8j0ntlcm91z4.cloudfront.net/user_3H0VpNOETP4iFCc9Ircvn51x9LF/hf_20260822_182501_6071c09b-7558-4782-bf8a-a9e6e7944dfd.mp4
22	2:34	2_34	gentle	https://d8j0ntlcm91z4.cloudfront.net/user_3H0VpNOETP4iFCc9Ircvn51x9LF/hf_20260822_182501_0dbcfdfe-c1aa-4558-9c7e-eecdb9289f60.mp4
23	2:41	2_41	gentle	https://d8j0ntlcm91z4.cloudfront.net/user_3H0VpNOETP4iFCc9Ircvn51x9LF/hf_20260822_182501_8d17368e-014b-4a89-8d61-418c84c0f707.mp4
24	2:48	2_48	gentle	https://d8j0ntlcm91z4.cloudfront.net/user_3H0VpNOETP4iFCc9Ircvn51x9LF/hf_20260822_182554_5da5858c-bc8e-4c26-996b-30bbe21b5dd7.mp4
25	2:55	2_55	gentle	https://d8j0ntlcm91z4.cloudfront.net/user_3H0VpNOETP4iFCc9Ircvn51x9LF/hf_20260822_182554_607639c9-4247-41e0-9e48-c918231d0ce3.mp4
26	3:02	3_02	gentle	https://d8j0ntlcm91z4.cloudfront.net/user_3H0VpNOETP4iFCc9Ircvn51x9LF/hf_20260822_182624_dfa8dae0-0922-4114-8205-a037f0684f69.mp4
27	3:09	3_09	gentle	https://d8j0ntlcm91z4.cloudfront.net/user_3H0VpNOETP4iFCc9Ircvn51x9LF/hf_20260822_182554_5b213c60-7598-4413-ba34-fe35feb2366d.mp4
28	3:16	3_16	gentle	https://d8j0ntlcm91z4.cloudfront.net/user_3H0VpNOETP4iFCc9Ircvn51x9LF/hf_20260822_182554_9df71730-4152-4b30-be8e-459c6821b8c0.mp4
29	3:23	3_23	gentle	https://d8j0ntlcm91z4.cloudfront.net/user_3H0VpNOETP4iFCc9Ircvn51x9LF/hf_20260822_182554_6a30d2a8-4ff4-4e56-be0f-d83390e9bd63.mp4
30	3:30	3_30	sharp	https://d8j0ntlcm91z4.cloudfront.net/user_3H0VpNOETP4iFCc9Ircvn51x9LF/hf_20260822_182554_ed89615f-afdd-4e3a-8d5f-f609ccb0dab3.mp4
31	3:37	3_37	sharp	https://d8j0ntlcm91z4.cloudfront.net/user_3H0VpNOETP4iFCc9Ircvn51x9LF/hf_20260822_182554_0b0102f1-3739-4d5f-b9b0-9bbad18f8bbe.mp4
32	3:44	3_44	sharp	https://d8j0ntlcm91z4.cloudfront.net/user_3H0VpNOETP4iFCc9Ircvn51x9LF/hf_20260822_182554_2f3750cb-9552-4b62-9a2e-44dc77bac93d.mp4
33	3:51	3_51	gentle	https://d8j0ntlcm91z4.cloudfront.net/user_3H0VpNOETP4iFCc9Ircvn51x9LF/hf_20260822_182554_1aa61298-d15b-46b0-97d8-5ccb653d8218.mp4
34	3:58	3_58	gentle	https://d8j0ntlcm91z4.cloudfront.net/user_3H0VpNOETP4iFCc9Ircvn51x9LF/hf_20260822_182554_51fd09de-ca68-4f97-adcd-c1c738f1bf89.mp4
35	4:05	4_05	gentle	https://d8j0ntlcm91z4.cloudfront.net/user_3H0VpNOETP4iFCc9Ircvn51x9LF/hf_20260822_182554_5c313082-e817-439b-b0e0-0366f5aa19d2.mp4
36	4:12	4_12	gentle	https://d8j0ntlcm91z4.cloudfront.net/user_3H0VpNOETP4iFCc9Ircvn51x9LF/hf_20260822_182721_f14a4a13-b224-4d71-a767-42ddbdeec6e5.mp4
37	4:19	4_19	gentle	https://d8j0ntlcm91z4.cloudfront.net/user_3H0VpNOETP4iFCc9Ircvn51x9LF/hf_20260822_182721_1b370828-8472-4d7e-b7f2-5ba648f03a00.mp4
38	4:26	4_26	gentle	https://d8j0ntlcm91z4.cloudfront.net/user_3H0VpNOETP4iFCc9Ircvn51x9LF/hf_20260822_182721_5025cf1a-fe74-497e-acc5-726ccf70989a.mp4
39	4:33	4_33	sharp	https://d8j0ntlcm91z4.cloudfront.net/user_3H0VpNOETP4iFCc9Ircvn51x9LF/hf_20260822_182721_89e5d10a-4581-46a5-a00f-b2e42d41eaa5.mp4
40	4:40	4_40	sharp	https://d8j0ntlcm91z4.cloudfront.net/user_3H0VpNOETP4iFCc9Ircvn51x9LF/hf_20260822_182721_4b2bdf3f-37d8-45b2-b464-464b8b58a7d2.mp4
41	4:47	4_47	gentle	https://d8j0ntlcm91z4.cloudfront.net/user_3H0VpNOETP4iFCc9Ircvn51x9LF/hf_20260822_182721_617d937d-75a5-4e69-b674-72e66bbe7ef3.mp4
42	4:54	4_54	gentle	https://d8j0ntlcm91z4.cloudfront.net/user_3H0VpNOETP4iFCc9Ircvn51x9LF/hf_20260822_182722_2d9b0bbf-cb1d-43f1-95e2-44f972e901e7.mp4
43	5:01	5_01	gentle	https://d8j0ntlcm91z4.cloudfront.net/user_3H0VpNOETP4iFCc9Ircvn51x9LF/hf_20260822_182721_1300d6c8-1fec-4c64-98fc-b8c579532a60.mp4
44	5:08	5_08	gentle	https://d8j0ntlcm91z4.cloudfront.net/user_3H0VpNOETP4iFCc9Ircvn51x9LF/hf_20260822_182721_5867fc7d-c81d-4413-a933-e259af97bc85.mp4
45	5:15	5_15	sharp	https://d8j0ntlcm91z4.cloudfront.net/user_3H0VpNOETP4iFCc9Ircvn51x9LF/hf_20260822_182721_350bd7bc-8050-430a-9a6a-d87892ecc2c8.mp4
46	5:22	5_22	sharp	https://d8j0ntlcm91z4.cloudfront.net/user_3H0VpNOETP4iFCc9Ircvn51x9LF/hf_20260822_182721_fe1f2afa-2f32-484e-b34e-30568242ee94.mp4
47	5:29	5_29	gentle	https://d8j0ntlcm91z4.cloudfront.net/user_3H0VpNOETP4iFCc9Ircvn51x9LF/hf_20260822_182721_19b79ad5-b72b-44e8-8c7b-228fa45b6059.mp4
48	5:36	5_36	gentle	https://d8j0ntlcm91z4.cloudfront.net/user_3H0VpNOETP4iFCc9Ircvn51x9LF/hf_20260822_182815_3fd7e37b-b7b1-4921-a579-14e1d38c566c.mp4
49	5:43	5_43	gentle	https://d8j0ntlcm91z4.cloudfront.net/user_3H0VpNOETP4iFCc9Ircvn51x9LF/hf_20260822_182816_ac476fdd-710a-487f-ada6-dd0809f3bd5b.mp4
50	5:50	5_50	gentle	https://d8j0ntlcm91z4.cloudfront.net/user_3H0VpNOETP4iFCc9Ircvn51x9LF/hf_20260822_182816_7234fef4-8525-424e-b75e-0624d4bc6380.mp4
51	5:57	5_57	gentle	https://d8j0ntlcm91z4.cloudfront.net/user_3H0VpNOETP4iFCc9Ircvn51x9LF/hf_20260822_182816_e743d367-ccc0-4a46-b157-b3d3afd5f797.mp4
52	6:04	6_04	gentle	https://d8j0ntlcm91z4.cloudfront.net/user_3H0VpNOETP4iFCc9Ircvn51x9LF/hf_20260822_182815_a49ade9b-9ac4-4094-8c95-10c3e5df16ea.mp4
53	6:11	6_11	gentle	https://d8j0ntlcm91z4.cloudfront.net/user_3H0VpNOETP4iFCc9Ircvn51x9LF/hf_20260822_182816_696bc6b1-25e0-4a37-bc75-fb2a3ba2f41c.mp4
54	6:18	6_18	gentle	https://d8j0ntlcm91z4.cloudfront.net/user_3H0VpNOETP4iFCc9Ircvn51x9LF/hf_20260822_182843_f74389c7-462c-48f2-a2ff-c455ad3fb6a2.mp4
55	6:25	6_25	gentle	https://d8j0ntlcm91z4.cloudfront.net/user_3H0VpNOETP4iFCc9Ircvn51x9LF/hf_20260822_182816_0ac107ce-7205-4de0-b96b-f6383233a078.mp4
56	6:32	6_32	gentle	https://d8j0ntlcm91z4.cloudfront.net/user_3H0VpNOETP4iFCc9Ircvn51x9LF/hf_20260822_182815_2851cd46-a132-4e2f-88ff-e584db6e5329.mp4
57	6:39	6_39	gentle	https://d8j0ntlcm91z4.cloudfront.net/user_3H0VpNOETP4iFCc9Ircvn51x9LF/hf_20260822_182816_d358a882-d98c-4110-99ba-25a23fdf2be2.mp4
58	6:46	6_46	gentle	https://d8j0ntlcm91z4.cloudfront.net/user_3H0VpNOETP4iFCc9Ircvn51x9LF/hf_20260822_182815_3aa6eaab-9f3f-4d6b-8ed4-edee45de0e0c.mp4
59	6:53	6_53	gentle	https://d8j0ntlcm91z4.cloudfront.net/user_3H0VpNOETP4iFCc9Ircvn51x9LF/hf_20260822_182815_ea508cd8-f515-454f-9715-eebc515a3b54.mp4
60	7:00	7_00	sharp	https://d8j0ntlcm91z4.cloudfront.net/user_3H0VpNOETP4iFCc9Ircvn51x9LF/hf_20260822_182932_b57e2cc9-7c3b-49a2-bfcd-d55516dc5fde.mp4
61	7:07	7_07	sharp	https://d8j0ntlcm91z4.cloudfront.net/user_3H0VpNOETP4iFCc9Ircvn51x9LF/hf_20260822_182932_29873f87-bb45-4e9d-baf4-df113177241c.mp4
62	7:14	7_14	sharp	https://d8j0ntlcm91z4.cloudfront.net/user_3H0VpNOETP4iFCc9Ircvn51x9LF/hf_20260822_182932_55ac7683-1903-4472-b1f6-6669e0d3b592.mp4
63	7:21	7_21	sharp	https://d8j0ntlcm91z4.cloudfront.net/user_3H0VpNOETP4iFCc9Ircvn51x9LF/hf_20260822_182932_369cbd7b-716d-498c-9aa7-8d56306842e0.mp4
64	7:28	7_28	sharp	https://d8j0ntlcm91z4.cloudfront.net/user_3H0VpNOETP4iFCc9Ircvn51x9LF/hf_20260822_182932_14db958b-4331-4e6d-8087-cdb48816bf6b.mp4
65	7:35	7_35	sharp	https://d8j0ntlcm91z4.cloudfront.net/user_3H0VpNOETP4iFCc9Ircvn51x9LF/hf_20260822_182932_0d6fae09-2360-4d78-b85c-6d4aeb64d645.mp4
66	7:42	7_42	sharp	https://d8j0ntlcm91z4.cloudfront.net/user_3H0VpNOETP4iFCc9Ircvn51x9LF/hf_20260822_182932_87700e55-1856-440e-88b7-3acec2145489.mp4
67	7:49	7_49	gentle	https://d8j0ntlcm91z4.cloudfront.net/user_3H0VpNOETP4iFCc9Ircvn51x9LF/hf_20260822_182932_b3b0e1cc-16be-4d1a-8356-25946f2713e0.mp4
68	7:56	7_56	gentle	https://d8j0ntlcm91z4.cloudfront.net/user_3H0VpNOETP4iFCc9Ircvn51x9LF/hf_20260822_182932_dfd21851-2a01-4b43-bc6b-86960433c39f.mp4
69	8:03	8_03	gentle	https://d8j0ntlcm91z4.cloudfront.net/user_3H0VpNOETP4iFCc9Ircvn51x9LF/hf_20260822_182932_31cfd259-0cb4-4ae7-a89e-29ad76a4946f.mp4
70	8:10	8_10	gentle	https://d8j0ntlcm91z4.cloudfront.net/user_3H0VpNOETP4iFCc9Ircvn51x9LF/hf_20260822_182932_ed1c48ec-32d0-4f84-bb8c-1d1d24ec2d69.mp4
71	8:17	8_17	gentle	https://d8j0ntlcm91z4.cloudfront.net/user_3H0VpNOETP4iFCc9Ircvn51x9LF/hf_20260822_182932_adf82f91-419e-44b0-9358-245f5503e627.mp4
72	8:24	8_24	gentle	https://d8j0ntlcm91z4.cloudfront.net/user_3H0VpNOETP4iFCc9Ircvn51x9LF/hf_20260822_190645_4882eab9-9f1a-42d3-b606-f4a612ae9e71.mp4
73	8:31	8_31	gentle	https://d8j0ntlcm91z4.cloudfront.net/user_3H0VpNOETP4iFCc9Ircvn51x9LF/hf_20260822_183012_a201fca2-2750-4bcf-bac2-60db5ab89d23.mp4
74	8:38	8_38	sharp	https://d8j0ntlcm91z4.cloudfront.net/user_3H0VpNOETP4iFCc9Ircvn51x9LF/hf_20260822_183012_6db50750-130d-4696-8a2e-159908b44c7f.mp4
75	8:45	8_45	gentle	https://d8j0ntlcm91z4.cloudfront.net/user_3H0VpNOETP4iFCc9Ircvn51x9LF/hf_20260822_183012_35b79157-4190-4367-a5f4-4d3d48b893f1.mp4
76	8:52	8_52	sharp	https://d8j0ntlcm91z4.cloudfront.net/user_3H0VpNOETP4iFCc9Ircvn51x9LF/hf_20260822_183012_ad07d654-f4f8-4a81-88ac-299ca8a231ad.mp4
77	8:59	8_59	gentle	https://d8j0ntlcm91z4.cloudfront.net/user_3H0VpNOETP4iFCc9Ircvn51x9LF/hf_20260822_183012_0fa57ad1-4866-4c1b-b1b5-c07637cc7847.mp4
